"V1","V2","V3","V4","V5","V6","V7","V8"
0.260172349686734,0.738820763099007,0.819648464833386,0.17167211699672,0.427402605048381,0.944063410022296,0.723766138312407,0.617873185122386
0.622704612202011,0.688952372764237,0.237136116495356,0.577776320420206,0.957630020232871,0.296234899652191,0.159370220961981,0.286970896081068
0.57352181269601,0.23386555039417,0.133942708940245,0.703979382359423,0.925477081073448,0.931592550748028,0.193839220692404,0.161679142989218
0.998910073106177,0.596481427129358,0.157204561401159,0.816991708328016,0.319915763437748,0.0902913944078609,0.122275676728226,0.576035655062646
0.825346537241712,0.472338117192499,0.0492911238670349,0.625166710817255,0.455014843992889,0.935584269781597,0.954282686617225,0.806938845936209
0.240678126784042,0.171997231524438,0.74858678524103,0.0481783156329766,0.262301704641432,0.271771188260987,0.521692092972808,0.661647887602448
0.229348712824285,0.575103157778271,0.641909448546357,0.179365689733997,0.0273791439328343,0.670537597954273,0.601261828066781,0.635189499542117
0.558233929223381,0.677922871958464,0.29899085807614,0.124415034495294,0.258014986452647,0.363598134105094,0.2844070553286,0.226640635493211
0.450636126345955,0.455028144924901,0.602759651382454,0.146516684937291,0.753630300350487,0.828969443474896,0.755045810551383,0.740157243004069
0.281038679149002,0.0364850566601381,0.743306371969171,0.44209411590267,0.602445056973957,0.683971282633021,0.0250046691782773,0.613273255974986
0.79404624873586,0.515121883630753,0.981017882245593,0.697958776349202,0.167890469125472,0.13598441033531,0.406826027860865,0.541266993011348
0.803024674840272,0.123768766562454,0.284103571827523,0.328343256881461,0.347063627097756,0.762588993364945,0.153131932849064,0.219159078128636
0.818608095785603,0.869804839152843,0.590559546224773,0.464294267895631,0.0190549502158537,0.329523176416755,0.569072131555527,0.059510338915512
0.563597120913677,0.0825860949009657,0.681673873539083,0.435105673715472,0.264515994065441,0.0762960064476356,0.487470306384377,0.928768482977524
0.0529600216206163,0.592667048739269,0.408823151916266,0.288304677431472,0.616907045707107,0.2474102238575,0.945869188130833,0.428111473580822
0.400087062472478,0.993899760337546,0.843434795698151,0.254031302512623,0.0700097218686715,0.30172086034622,0.371642214270309,0.170382560778409
0.147731462854892,0.165638137110509,0.976132950536907,0.16760680396203,0.633607634018175,0.234769918544218,0.419163368765265,0.827278336385265
0.0216737568164244,0.711734435006976,0.333968811430037,0.405215179228224,0.42056318843551,0.557165118913166,0.107957248277031,0.507730358932167
0.760211875936948,0.343499023593962,0.320827246872708,0.953724426075816,0.869388859243132,0.140937818134204,0.238394367577508,0.321506254738197
0.122787984968163,0.998388520286418,0.104663487016223,0.987275553147309,0.64095800393261,0.591840090798214,0.528698083664291,0.265498987280764
0.437693503607996,0.299123525273986,0.215425969138741,0.128715900742449,0.273177205218002,0.466009545219131,0.332053090917878,0.845304096201435
0.64276488352567,0.017476158188656,0.622244271011092,0.949655783550814,0.297593720465898,0.545330955491401,0.299406956287101,0.81256970112212
0.390520658791065,0.960454513438046,0.480475593652576,0.803726060814224,0.623490365723148,0.0153989382898435,0.72529959705472,0.0844694200912491
0.39962713449169,0.881792906980962,0.70245656966418,0.85274168445915,0.65473544544261,0.974579660348594,0.372660162957385,0.927605037709698
0.676181340833195,0.854515375178307,0.168876282919198,0.81366595877707,0.840097301413305,0.101380766125396,0.231782311449759,0.856224616167136
0.979228892749175,0.859074946952984,0.712911066700704,0.182115333356895,0.905415398878977,0.364812226506881,0.807909288492985,0.203087225647643
0.713888202614151,0.349025900511071,0.139862967510708,0.825018179233186,0.0892115166736767,0.311530378245749,0.997346823594533,0.775989160805941
0.364479268169962,0.82776815482229,0.0289740629764274,0.892632821197622,0.706769599196501,0.77883529625833,0.514793162421323,0.306164444388822
0.546796752901748,0.920931701584719,0.472646578444168,0.121772076283582,0.34325330770202,0.980600143589079,0.235946033681743,0.118336070070975
0.615511066637933,0.556002904453315,0.0695884307688102,0.161430448248982,0.779900026604533,0.181411461487412,0.00610315466672182,0.10005781716574
0.681450585923158,0.605635773163289,0.308913283292204,0.0224301476823166,0.0864834465933964,0.823725702045485,0.98428833535593,0.440773128254339
0.599900636688806,0.0340415516318753,0.945452159433626,0.534593501249328,0.954007029654458,0.177729460438713,0.730081572433934,0.485456526846625
0.194752948617563,0.793658583034761,0.099414787074551,0.50462689897418,0.111787278872915,0.406387607010081,0.657537533339113,0.957703626906499
0.66022649235744,0.774231865178794,0.349187847394496,0.414160046460107,0.133231972131878,0.0373164268443361,0.0909828382646665,0.409641368338838
0.766054306164384,0.243721423695795,0.645382547073066,0.33388659794163,0.74742118978221,0.00907413524761796,0.483154220425524,0.444737263003364
0.347457737992518,0.102665592097677,0.367928212167695,0.850189694968984,0.723260337439366,0.0164628977365792,0.858775923962705,0.545793451125734
0.633896143876016,0.496812169426121,0.449596855775453,0.571697501357645,0.0990144014516845,0.478117480292916,0.310682943165302,0.894783124608919
0.284622468501329,0.896776394524612,0.917798446414061,0.43118107568007,0.628117289967835,0.57411768278759,0.506134225988761,0.394477930952795
0.137320059438236,0.813174333992414,0.0189088620413095,0.89668791323714,0.0385348021928221,0.552878900112584,0.797853627028875,0.637523974093609
0.189201094888151,0.095306964090094,0.789005958218127,0.306716027471237,0.289198074482381,0.688428356086835,0.355331090087071,0.332538520712405
0.429746432173066,0.565322455052286,0.995374281260185,0.402195101808757,0.336704109018669,0.389961341475137,0.0187085311459377,0.346849520231597
0.939499737866223,0.113454107414,0.50803010628093,0.343854513949715,0.702173562687822,0.344304207522422,0.209226335408166,0.784467394478619
0.941001329657622,0.935662874989212,0.0265077290134504,0.0986872015083209,0.564689219647087,0.731942358049564,0.55579783674702,0.656173334722407
0.571032388256863,0.777572756401263,0.0443433396173641,0.650486485491507,0.469140754195862,0.185488126095384,0.671966171968728,0.122006766850129
0.151463283872232,0.742026477232575,0.496103723001666,0.799063978803344,0.353692159433849,0.372752932634205,0.890803799342364,0.149479501879774
0.0029518491383642,0.490030087766238,0.738965465432964,0.0774882832439616,0.949074399323203,0.633008826092817,0.599260906993412,0.41645123913046
0.469864140726626,0.295533263639547,0.220561383228749,0.988336106160656,0.419027790727094,0.0457200267100707,0.143472881514579,0.570417766572908
0.669182561132126,0.315253665423952,0.990057440366596,0.672103734314442,0.182974538365379,0.497518261053599,0.240468691280112,0.159077616357245
0.0596682230783626,0.361567992582917,0.476464137257077,0.927063313315623,0.373426332360134,0.8925346991634,0.13084086621087,0.598490384978242
0.176420769617893,0.136591378517449,0.895272373691201,0.264466522119008,0.911439905724488,0.869525356963277,0.403984475422651,0.42787916152738
0.92788837290369,0.267806604429148,0.755812345941551,0.521213264106773,0.383490876477212,0.218342976398766,0.628877593575045,0.628523033756763
0.88754997161869,0.0984012516858056,0.141169380535372,0.0103452031807974,0.0804649721467867,0.175041482882574,0.582531347449869,0.763741088882089
0.272144374962896,0.239387830468826,0.277340695668943,0.0176814122600481,0.719090654187836,0.210841286952607,0.525749091871083,0.272614911972545
0.541866028474644,0.973810302683152,0.633851944897324,0.322887885968201,0.563132512166165,0.456213591945358,0.0154702369961888,0.860427004004829
0.236757427594624,0.272701750715263,0.33116228836868,0.659919051822275,0.0619440129548311,0.382258978542872,0.87866817772761,0.754225890685804
0.522847708826885,0.903062757283449,0.997692685962655,0.0332458968805149,0.154900540887378,0.255853821839206,0.923360636494122,0.174488619496115
0.181297874929383,0.976152701060288,0.938789509525523,0.0306483410792425,0.255068946801126,0.532952991860919,0.168795064325444,0.675902981923893
0.689712848355994,0.418870899414644,0.652333055838943,0.973040507033467,0.686837516610511,0.160727344222367,0.0806188795501366,0.650447575185448
0.957014047265984,0.536116956993937,0.103372579970397,0.645017850528471,0.445824345007539,0.155417565308511,0.427936015510932,0.0326933311829343
0.901229486238211,0.506762478197925,0.467636434656568,0.881528115494177,0.22972282139957,0.549835116157308,0.127492669988424,0.0205704347603023
0.549854216166772,0.662049803675152,0.776903457824141,0.84510508423578,0.459732174916193,0.756040150235407,0.837096840596758,0.0553748382618651
0.852520023350604,0.204849147881381,0.471072005243041,0.788750752761029,0.415909525399096,0.718520558046177,0.321797528379597,0.354072016000748
0.0807979395268485,0.226347677309997,0.698481065293774,0.481024489206262,0.191553118043579,0.627616990671493,0.771873485853896,0.133797829799354
0.513853527987376,0.465581383262761,0.606009742750786,0.947193636476062,0.0746030008941889,0.474793207813054,0.0667081684833393,0.945461359052919
0.705046342437156,0.426895733010024,0.43710147897806,0.83531305448804,0.00101645337883383,0.433176875161007,0.359276765569113,0.527821797647513
0.415269891615957,0.967903433752246,0.202658925683238,0.309199631858617,0.148706699582748,0.906311800824478,0.675892956056632,0.413011074857786
0.369388903754763,0.157327372584492,0.356011957968585,0.6612253934443,0.826926102833822,0.490869258082472,0.705785094499588,0.213949409293011
0.874174361000769,0.770264793457463,0.865545410456136,0.222782188536599,0.480354970352724,0.819712463242002,0.666799858799204,0.551508497170173
0.882206420479342,0.409556760352105,0.398580424161628,0.325937272335403,0.112907414393499,0.29412886912562,0.222120114555582,0.608893951690756
0.722305390608497,0.590562154780142,0.958950545285828,0.655744764807634,0.725526049186476,0.0424371601752937,0.431456556697376,0.914217675889842
0.0327935539111495,0.12737293248903,0.734053611224517,0.758339807782322,0.200873773255385,0.502185381514952,0.292340424421243,0.938756068456918
0.483932004099712,0.549337281013839,0.208052547366358,0.233185015998781,0.18426205495093,0.662315246484242,0.697886779831722,0.967244686193764
0.686496200391091,0.581690876059234,0.484894120735116,0.436457980642095,0.0766364115588367,0.0747717273980379,0.0630378650370985,0.222950294341892
0.868526199722663,0.143520237280987,0.00416084456909448,0.284062548154965,0.80502030303888,0.318350636112504,0.742353422371671,0.436055737532675
0.218947609158233,0.767583812304772,0.218276528470218,0.471036404896528,0.604012431048788,0.872573176715523,0.444999587688595,0.757958670157008
0.0856694127060473,0.724679997449741,0.53774992844183,0.192539766359143,0.270961343031377,0.0694163183048367,0.914227258233353,0.311334844045341
0.971515293709002,0.861523727158085,0.302098688478582,0.457775994061492,0.410025440102443,0.7366842692215,0.788811032975093,0.679656372355297
0.128483566541225,0.337305644616485,0.174264591967687,0.360228583449498,0.873362032607198,0.911133786633611,0.0925794149031863,0.197870567573234
0.104312832306139,0.0525246249577031,0.198031267031096,0.491729986448772,0.780884979914874,0.747298838446848,0.995380498458631,0.933893245486543
0.340454312918708,0.654668260511942,0.807294701161794,0.905726713422686,0.981807201646268,0.327955043029971,0.0356886992575601,0.291350459678099
0.207107714578509,0.520332098218612,0.207045610192232,0.454303964365274,0.280245779307559,0.598004440483637,0.164153326392174,0.98529471554514
0.877819468657486,0.277988579595461,0.552773177236319,0.561530682219192,0.242221861693077,0.990708953338675,0.563334755050018,0.901517663439736
0.51890043375548,0.0775849024634808,0.881941212120466,0.666607205673121,0.239634571112692,0.272239080056548,0.049040856897831,0.732443293613382
0.989238178075291,0.78583253155835,0.613562236739323,0.836312871202826,0.963911375363357,0.224173011171632,0.511149712644517,0.837278273677453
0.595710379276425,0.577853627815843,0.501363250910305,0.0253672200618312,0.244804115730338,0.0943136661294848,0.470800846288912,0.492970992530696
0.566337132403627,0.987056592792273,0.0814908063597977,0.391767557250336,0.688626264125109,0.0329710407219827,0.545291336310096,0.997890329964459
0.862367859510705,0.208373690021224,0.574588868892752,0.678017028405331,0.933132554884069,0.98738554553967,0.0709865394188091,0.140227318778634
0.69578094826825,0.212404183283448,0.288495436422527,0.0905513051655144,0.790141955528408,0.963890136360191,0.61004307269305,0.686640644270927
0.289306882174686,0.532585073086433,0.773659432639368,0.63940036269743,0.847247033713386,0.322091150877066,0.532130174797028,0.867800843225792
0.380741947575472,0.931337035402656,0.571183732301928,0.72461964388378,0.995718085481785,0.610102439077571,0.9289075248437,0.708310209191404
0.394361769435927,0.845573850935325,0.272997166498564,0.15781088335719,0.436539076529443,0.138213886921294,0.80910112470109,0.588450003811158
0.891115658831783,0.263333791533485,0.974808931794018,0.345488616468385,0.657886216275394,0.424670664413832,0.615630319099873,0.869101062217727
0.806099162045866,0.359781672823243,0.943585051452741,0.281316307248548,0.570611768024042,0.53030790273007,0.380721576312557,0.0731483916155994
0.749846679485403,0.789298138366081,0.852493281259201,0.809397127666511,0.234206708840095,0.752164779840969,0.943237898603082,0.512672556545585
0.82930442655459,0.393329674838111,0.556889951695688,0.0596046275468543,0.122742602271959,0.281390728362836,0.180216164947487,0.992940261917189
0.102371839419939,0.673113714342937,0.370785114623606,0.739018296930008,0.556882747415453,0.652280152183957,0.451230108336546,0.179339564773254
0.417373365510255,0.369495474146679,0.148753596683033,0.0854288975391537,0.387883887445554,0.0221839844966307,0.758984335408546,0.0421126832999289
0.453160454598255,0.968496106592938,0.550827467030846,0.721057915500365,0.534358234117739,0.639880169710144,0.855329475713894,0.745603764627129
0.277475676044822,0.518052142418921,0.98731115965452,0.640316245880909,0.321154051139951,0.714066472892649,0.739596570157446,0.0806256044553593
0.699415333908051,0.808324268631637,0.0634858387159184,0.191609574610367,0.975996993947774,0.470919191057794,0.421613422664814,0.0471765192477033
0.729904367076233,0.406031598019414,0.746835094733164,0.85668616855517,0.0408024484366179,0.505425071000122,0.963668705790304,0.364570946421474
0.709656018135138,0.17426396934595,0.163123045347631,0.485644172360189,0.573305152037181,0.0521322918869555,0.100901278748177,0.137769774403423
0.421452904797159,0.839199334439822,0.0784441630886868,0.983203457881696,0.170297382391058,0.889993395601399,0.636972336615436,0.164268079007976
0.843560459312983,0.29081792829372,0.116479273748584,0.0812646090462804,0.484889854773879,0.603950082601979,0.11906486215163,0.624872159964405
0.349148799512535,0.0893051498681307,0.166212586117908,0.29267999838572,0.478656518626027,0.993580136952922,0.138888778701425,0.872231320941821
0.203416756082326,0.477163718882017,0.337838664094917,0.774940943270922,0.666276211023331,0.461597835889086,0.892335049684159,0.954921533844434
0.95466779335402,0.641699286437593,0.8155248938445,0.751426065393724,0.362976418172941,0.940098910409957,0.957799512200058,0.435499466688372
0.42769927354902,0.696909652573056,0.8760482083885,0.548051993027329,0.947984647706151,0.221506773797795,0.990230846519582,0.0264144954588264
0.00615606531500816,0.0661682955780998,0.541029548831284,0.588276385374367,0.902117436678149,0.400758377088234,0.288865589012392,0.48922369402647
0.646687985627912,0.554051022676751,0.849693964242004,0.398613923589699,0.493297628055327,0.484499188021757,0.899509295236319,0.0679789429195225
0.897721102681011,0.80743213026505,0.960878731510602,0.760735809414647,0.69699515237473,0.286344368824735,0.498483217222616,0.950316048594192
0.530605588001199,0.378203237352893,0.857005592627451,0.552680026103742,0.118111933308654,0.838636241530068,0.949722507356666,0.243795571536757
0.075705389983952,0.217619513519108,0.145319396660663,0.886575653177686,0.713998378586024,0.0859809600058943,0.58605963185057,0.721632150708698
0.0605010040290654,0.951424813148566,0.227796543135308,0.618641405278817,0.472840989545919,0.862338273622096,0.872326500311494,0.840548809341155
0.233726242607459,0.442707544822246,0.405865815911442,0.41776458221022,0.156744601749815,0.0288337287940085,0.0766088034324348,0.77993108139839
0.929750539314933,0.894023134914227,0.598931198421866,0.631427960442379,0.144141341948882,0.800517460121773,0.115216972928494,0.978011104919948
0.0388941442314535,0.468898543288931,0.7176157057276,0.10239916772861,0.44929228556063,0.336212338631041,0.218983773258515,0.104613496330567
0.719994843014516,0.953048379736952,0.535640314321965,0.462290107489564,0.395268410322256,0.585508284749463,0.345902614491992,0.689174665034749
0.356552177917212,0.693461141359992,0.23138160542585,0.449538253488019,0.742790044254623,0.709243366382085,0.00839432217087597,0.923276166073047
0.477213582861237,0.681577242267318,0.768039832608774,0.74036077940464,0.758233110579662,0.387324011397548,0.88781672052294,0.477186242439784
0.741556997218169,0.569626934729517,0.458419845776632,0.268787657568231,0.33078256521374,0.643996015362442,0.0999783046478406,0.466364655897953
0.994655965577811,0.494610476620495,0.720401311952621,0.877221385930665,0.862450353811495,0.305188991800882,0.866181504076347,0.907047655002214
0.0484906529700384,0.527924386906438,0.872532042761333,0.692148691592738,0.710119178420864,0.438501694402657,0.146271176843904,0.916708424665034
0.308915845698677,0.399943382306024,0.281592476554215,0.0404041596390307,0.356724006396718,0.707525509208441,0.436927455876954,0.0501638167873025
0.648936904235743,0.906436052236706,0.932550247307867,0.77625690626353,0.094265066656284,0.845890464268625,0.578897155869752,0.566714554380625
0.432112582166679,0.0285993662904948,0.417432003839873,0.420004762107506,0.644647391462699,0.900728832301684,0.536193393249065,0.941866408422589
0.456731127447449,0.634433797082864,0.0392399376146495,0.0070556728169322,0.589064430677332,0.732481368904933,0.828054765064269,0.0618069092109799
0.317617431664839,0.890771666717716,0.249495294859633,0.0714679114799947,0.505328374117613,0.621373558449559,0.82450209027715,0.316013282126747
0.496937627676874,0.383921706719324,0.25651113553904,0.314338970028795,0.728742524831556,0.129121013737284,0.624892914781347,0.879623691910878
0.701623113826849,0.867546641967259,0.434741181440651,0.278355451634154,0.876791861625388,0.95324904722441,0.205819850591011,0.498515820763074
0.6648519089818,0.483790434846655,0.0112228640504181,0.671902428619564,0.250166238293983,0.420443341841921,0.567348270630464,0.292384883828461
0.737853622566909,0.622479479677044,0.90810988094192,0.831921017249115,0.367384449935518,0.61666506841965,0.174885513323359,0.359630083858967
0.141602807952091,0.118199876190163,0.0433891108306125,0.395693515759893,0.51801037615817,0.256380359866656,0.819091626217589,0.000978228927589953
0.210649532757699,0.202289332301356,0.781558391085826,0.992852259587497,0.530355764403008,0.614119454949163,0.709103137512691,0.280958695277572
0.334918476319872,0.914812928343192,0.927453811874613,0.373028804451227,0.33554437538702,0.117650892009959,0.394978696624748,0.456912569635548
0.0888206950509921,0.250755941175856,0.657627478711307,0.383598978008144,0.891047524353489,0.193188220769167,0.750938355506398,0.368337516887113
0.323616749970242,0.718248726597987,0.181706769216806,0.558791302999482,0.584909074469469,0.841088161234744,0.654972781427205,0.0311772722406313
0.21320954053849,0.282796231304295,0.403480774980038,0.250131777280942,0.771499109235592,0.21274350146018,0.689713997511193,0.0906476956037804
0.225679148692638,0.0856765519026667,0.343494122335687,0.716602602642961,0.834645374424756,0.109227204612456,0.662061125323176,0.581009109416045
0.166273124835454,0.46086139093712,0.971705686561763,0.603451967318542,0.219741237912327,0.813692804322578,0.76294183864817,0.530328958403319
0.0422622672561556,0.48494066985324,0.903099650077522,0.821982953936793,0.803480272535235,0.857903220354579,0.590645221046172,0.519386610137299
0.778472435068339,0.344733885994181,0.547427588825114,0.227002553069964,0.921945148303174,0.81037570516672,0.97270281512104,0.560955282058567
0.097565380314365,0.384784226027317,0.808151562759653,0.920305166887119,0.78592897376325,0.242995997059159,0.0871018937295303,0.337871275660582
0.981768356839195,0.401251261543483,0.8704179004943,0.0442908532442525,0.294424728758633,0.288438881657086,0.339412493698299,0.556236468372867
0.135326623267494,0.0274518290897831,0.730534733420238,0.53945658991579,0.989905389738269,0.631944307105616,0.25443393611908,0.554322196505964
0.8488161991667,0.0593156526032835,0.905483291217126,0.208139618194662,0.407110481203534,0.157394985701889,0.203415512068197,0.0683616114929318
0.532336412400939,0.630759092578664,0.564147969875485,0.932706237404607,0.497904922741465,0.0837001960910857,0.0537142822574824,0.146756973311305
0.796188283996657,0.751961138919927,0.185298059170134,0.705004494459368,0.488996495022438,0.723040355250239,0.199035912951455,0.230316913889721
0.197995681508444,0.128852291236632,0.802789831603877,0.57284305371251,0.430234627407044,0.0497353238100186,0.0444202403910458,0.312032621338964
0.894486730221659,0.528712779425085,0.954250414753333,0.493539424074814,0.898516654077917,0.965009416855872,0.645925012622029,0.85260921944771
0.78116150789056,0.432447160300799,0.678019787262194,0.337121277879924,0.37895204407163,0.924723475115374,0.363294259945862,0.0395429148394614
0.462666239435784,0.918464905222878,0.889942961102351,0.13997317285277,0.172788209502585,0.20550556791015,0.503012207172811,0.908431827062741
0.905137940075249,0.646098885059357,0.7625799983209,0.385206688491628,0.285586907747202,0.775056005145423,0.835669346516952,0.207661880214699
0.652541316118091,0.731416786992922,0.727105761725455,0.104040375454351,0.661046777757816,0.0650115558672696,0.443555818474852,0.182802780353464
0.0654889032104984,0.047523627165705,0.391789162656292,0.299470941707492,0.544381687318906,0.231401832329109,0.843984396828338,0.793500874304213
0.314562548500486,0.135126835982315,0.385201168448664,0.518581686685793,0.368311868147925,0.0985825652508065,0.715822240728885,0.0986052166568115
0.175488511736505,0.60321100360807,0.413823170353659,0.770329641719349,0.103291964294389,0.766905599543825,0.883144753341563,0.23225263944082
0.921056882004254,0.374280769433826,0.394808069596998,0.937982512735762,0.212789659406058,0.950096909104846,0.0433734393073246,0.39949632572569
0.987160731101409,0.15287912124116,0.271588775416836,0.843157552737743,0.80924327512458,0.416441987899132,0.793640443533659,0.469807667263784
0.67344936842192,0.939888754268177,0.792990007826127,0.525311646045186,0.828740219290368,0.443514320901595,0.871217473345809,0.606386431600899
0.409958533259109,0.926768620487303,0.666201525656506,0.356223886326887,0.938972769281827,0.649185116824694,0.277122482392006,0.988571999169886
0.78961319467146,0.447454472703859,0.524745431287214,0.620538351318799,0.199781681415625,0.168702035210095,0.904356484116986,0.574115366419777
0.271045694406144,0.78263757392019,0.347665774850175,0.567468916979618,0.838479286186397,0.883187165388837,0.680052953191102,0.767644455975853
0.0785166062042117,0.244383493151516,0.0233337939865887,0.592486429987475,0.511441336623393,0.647951469209045,0.18862045868393,0.0136901144413278
0.355019345656969,0.0427196913762018,0.0745202235886827,0.424224480560049,0.0151388681670651,0.563339405286126,0.245101051781327,0.256459303777665
0.86494351170212,0.61651219697576,0.264907704617828,0.867313160918653,0.224284823054448,0.786784014955163,0.908913116917014,0.80386619481165
0.820678010623902,0.563650471343659,0.490660401143134,0.446847132606432,0.673818536777981,0.937765744876117,0.703337640415877,0.888081560648978
0.0133415421424434,0.0231627301583067,0.520142891697586,0.747518033136614,0.693839049476199,0.198693054140545,0.324967284585349,0.461915023854002
0.837827180884778,0.431317238839343,0.618679211062379,0.546626123399474,0.750680336954072,0.60489825970307,0.304022113822401,0.0116789259491488
0.951734990574419,0.700890393937938,0.354891742466949,0.542751066854224,0.305124060673639,0.354200245198794,0.479882929074578,0.899698158662766
0.733007410612889,0.105509096521884,0.188724092816934,0.511085319953039,0.856266476285644,0.36818014060799,0.225731950204819,0.0170521504338831
0.526818541286513,0.943437787188217,0.326924195890315,0.261520368549973,0.208682699574158,0.0274682462709025,0.801777549536899,0.383055370053276
0.386694996297359,0.301731038533151,0.626210376508534,0.754989868159406,0.192486863669008,0.998155385963619,0.693954039542936,0.771164490539581
0.0247201594440266,0.333385042693466,0.76790976929199,0.966085307583213,0.678943080419675,0.918965055511333,0.341437801981345,0.715802374801598
0.57863253985811,0.75623455661349,0.576740638415329,0.958696766874753,0.541416564346291,0.165441064032726,0.575686102376319,0.642198924580589
0.124011299209669,0.110685840258375,0.444230816170573,0.890472817009315,0.894179705871269,0.696825617653318,0.472195288687013,0.670266334672458
0.786876079100184,0.327810574744828,0.67321677705273,0.173263456178829,0.62546714518033,0.851298223536462,0.967643211478367,0.886819953848608
0.59009440267086,0.704130835917778,0.113729699222371,0.155841311174445,0.0338095177467912,0.770114331033081,0.269426469205879,0.389466818323359
0.109066056377254,0.828618622368202,0.695469481870532,0.243269473249093,0.760666873582639,0.51082165971864,0.377036313555203,0.278022589415312
0.485899159728549,0.185896951777861,0.0648818537238985,0.515079082467593,0.527607726217247,0.538232191713527,0.301344692929648,0.73989336461015
0.307163555379957,0.0682483793357387,0.30764727457799,0.688256667838432,0.880663599213585,0.519550513301976,0.0566770442519337,0.59536460132245
0.0105389833813533,0.252855468301103,0.706227745804004,0.68553102013655,0.314603826058097,0.914373455491848,0.550677231891081,0.125738386808895
0.555091405149549,0.163907723396085,0.0546843379260972,0.303576777122915,0.311104120288044,0.446694749803282,9.3296823091805e-05,0.831306830306537
0.339219613907859,0.803773545783944,0.690673886633478,0.247846122885123,0.928887484359555,0.190760007592849,0.823013813077472,0.68277795491647
0.377169998557307,0.193801915483549,0.0158111650235951,0.272322637149133,0.138672015714459,0.885826019095257,0.315201110451482,0.961118193485774
0.858468227987178,0.715744118869305,0.92260346498061,0.10806350954622,0.917670673076063,0.377003990196623,0.0202815368687734,0.331662346544676
0.77105175923463,0.18159217205178,0.827058804228902,0.731158457032405,0.850815626868047,0.454866559719667,0.456801316165365,0.301713115268387
0.913265105699189,0.666230718001723,0.823533774320968,0.349444860136136,0.403649960590526,0.72482162925601,0.390829030865803,0.475816809718497
0.967050754717551,0.365266792208888,0.531763860816136,0.257363310344517,0.852463513615541,0.351696540682577,0.74513207084965,0.819429676264524
0.744469895252958,0.876609837511554,0.950342394588515,0.237909717179835,0.0491929284883663,0.87694380346965,0.595653494994156,0.379381736493669
0.918121491842903,0.389213433642872,0.610092828450724,0.911421236389317,0.577041218805127,0.265149583582766,0.67669700660836,0.185590616188012
0.501231073718518,0.884479546085931,0.585922530484386,0.196020829861984,0.610765043884516,0.357525821271352,0.813594520201907,0.325779634003527
0.373017195281573,0.744249808862805,0.12007339959871,0.119295827011578,0.143373147118837,0.342922458828427,0.939681000191718,0.246798008481041
0.809293023220263,0.14714063732978,0.862411228879355,0.710846412321553,0.0577476392565295,0.122193865923211,0.735970336262137,0.079651282640174
0.155097925475799,0.355603259121999,0.233205104645342,0.0391601708270609,0.818654358644038,0.114389979731292,0.620416101917624,0.44863532034494
0.656241993991658,0.0613271251041442,0.035874173713848,0.901522444315255,0.548260152247734,0.676255237325095,0.980158225699328,0.189863756587729
0.493462120370008,0.000598622492514551,0.899226924926974,0.784428374150768,0.126113334852271,0.659803023749031,0.178212976271287,0.237638574254699
0.446409989906475,0.669069755402394,0.124355201228522,0.585445012529381,0.277401837475598,0.686244526473805,0.0309616242218763,0.129206487547606
0.406579400804825,0.610711477625184,0.581036214262247,0.919445826565847,0.176128660485148,0.796255303853191,0.863344445453957,0.584166780852713
0.908112072263844,0.00687382147926837,0.379107226983644,0.608939800966531,0.77337531725876,0.566461660915986,0.467183804423548,0.728280148748308
0.506693602510728,0.0154769188975915,0.0942232896769419,0.0935746863791719,0.302336800312623,0.251868418675847,0.134868663114496,0.0935881289020181
0.617363009670749,0.6493716563005,0.318167656959966,0.143938765797764,0.513243651264347,0.0011135823065415,0.4531932854224,0.270291607258841
0.253484392250888,0.269641510351561,0.37359744513128,0.963740750321187,0.55350801499188,0.897218644793145,0.977168875967152,0.621507565087639
0.0305242226803675,0.311813906591386,0.628790598042309,0.0535612234175205,0.021012166172266,0.807334932919592,0.365108172322623,0.40672347946465
0.324344833692536,0.423567645741627,0.797580642551184,0.635868764135987,0.10713351075165,0.429689151439816,0.782910185042769,0.15521564158611
0.974771013837308,0.451113943575881,0.153368511426263,0.150416239632294,0.914369114418514,0.543148177993484,0.251177770203911,0.60002939383965
0.162620379947126,0.45682111972291,0.128887980321422,0.875173609217629,0.463249648391269,0.411900270675309,0.263904045544565,0.833687219114043
0.247443000920117,0.755039474559017,0.787995194235817,0.377689178018831,0.389677722987719,0.521457269002683,0.397889458905905,0.108069937460124
0.726916168343276,0.0735674154730514,0.243875235317275,0.365398550939746,0.205009004064836,0.524282711925916,0.846375075642951,0.341677227406763
0.757168522241525,0.685051424982026,0.293862989258952,0.472763477837667,0.997642857641913,0.481063711669296,0.411233196646906,0.455214806919917
0.0687700914870948,0.305468193842098,0.4548564763451,0.317650166777894,0.161015446516685,0.395373291579075,0.642972327560186,0.403765396253206
0.26760828448832,0.545943404089659,0.460627139572985,0.502348984041251,0.986062132670544,0.107296031523496,0.541934505174868,0.385576217458583
0.170012934145518,0.63670764190238,0.0597016266165301,0.476316695809364,0.764041051162407,0.835041845079511,0.925066909253597,0.299553938289173
0.303764858111739,0.798062083919533,0.11059023958724,0.805585874662735,0.61503267756477,0.260183279220946,0.212983834882267,0.704606841046363
0.33153073919192,0.818124881752767,0.382836345091462,0.0604142715046182,0.795452003637329,0.970692726733163,0.765326463801786,0.251754820832051
0.813293857029639,0.722886608614586,0.834644118052907,0.732009731235914,0.351773245550692,0.793909800552763,0.559862896808423,0.850170545657165
0.117396834957413,0.823874552064575,0.506835320866667,0.766929132937454,0.502398307619616,0.513915376729332,0.0378358178976923,0.666249433420599
0.473478329218924,0.148681254004128,0.913723511360586,0.604159668409266,0.0111976084839553,0.672991238300689,0.491526881366968,0.724662721589208
0.844232745382003,0.613970006029122,0.19256172995735,0.216335008644499,0.969403547565453,0.748839799665846,0.386794038323686,0.98212689581234
0.754565709413029,0.624171565248631,0.662655224632472,0.940125973047689,0.738893247566186,0.00739394234959036,0.717627476168796,0.00502483081910759
0.63624601179827,0.732175100535154,0.25453168893978,0.976371330766939,0.637549062406644,0.741330865724012,0.257860752025619,0.790932652513497
0.604141111559235,0.542127044525929,0.56274549557548,0.79292520746775,0.940337837341242,0.781122837372124,0.265535728269257,0.82352342228964
0.25117701589223,0.287414823926985,0.758323229628615,0.969085832661949,0.32426317362301,0.334645531998947,0.635330194612965,0.508917437210679
0.0448377764169127,0.197292670399882,0.831646089261398,0.0735535205751657,0.0661515386225656,0.694007598534226,0.616721697499044,0.692887091908604
0.490047740992159,0.910879865485243,0.441292535173707,0.998655191615224,0.00774150685220957,0.238180909948424,0.461793217462488,0.195996324270964
0.361770209933631,0.0113658034289256,0.492362883950584,0.00232473617047071,0.820227148887701,0.977006604660302,0.412008054365404,0.422389333385043
0.508650639328174,0.872505776453763,0.51422155303508,0.0126026267707348,0.592168309392407,0.127151501694694,0.186151358118281,0.974078579244204
0.77303012238536,0.990240876587108,0.363365822401829,0.861801536210813,0.442377836719155,0.0631732035716996,0.148168192355894,0.253565753299743
0.296482892691158,0.84861823778972,0.0858927360968664,0.914539232540876,0.537869403659366,0.148566770859994,0.902495156883262,0.350505292525515
0.293693583723158,0.0484160566776991,0.836136354132555,0.531941189556383,0.0281910021789372,0.826109228365123,0.162611481075175,0.70100580030866
0.113583446283825,0.43904697941523,0.845467410733923,0.202647244938649,0.432405625910498,0.413448546198197,0.916939490117133,0.520341684619896
0.15808912990801,0.842336724760942,0.244182559316047,0.13418481247779,0.681277027423494,0.451002951647155,0.281944964690134,0.653169817605056
0.258547814364545,0.760428948135115,0.887472734260373,0.206932039055973,0.79971809641365,0.921069336164743,0.971497886078432,0.362774966586381
0.0959381815250963,0.256643793253228,0.517969592690468,0.355612839065492,0.978308895541355,0.791097028994933,0.330935575423762,0.112072628875263
0.440821423104033,0.586416349299252,0.669376321240328,0.928241824651137,0.0476237682541832,0.399344237199053,0.349047871419229,0.502134507128038
0.944623077291064,0.508552204496227,0.315461612039246,0.0647091150572524,0.815944690426812,0.703434014672414,0.649386644756421,0.783441652423702
0.0173447566451505,0.95913296634797,0.17609485068731,0.582464461984113,0.220664590741508,0.594698427014053,0.492206421308219,0.717386322104372
0.609715303397737,0.190588908753358,0.595781744715758,0.184925179133192,0.581774014916271,0.577813482337631,0.851500846254639,0.480566760694608
0.961303563738242,0.316803912600502,0.263637669778429,0.214478537769988,0.599759545585141,0.959060299237259,0.0742625731676817,0.699152152777649
0.630429951239377,0.222945124382153,0.424435157729313,0.783013612660579,0.0548320989627391,0.853663046749309,0.686586039545015,0.536772801965475
0.935001894610003,0.330798200580291,0.0884004482356831,0.868457180941477,0.466183074172586,0.867438352438621,0.775811199683696,0.880291813234799
0.581950061690994,0.944152506888844,0.420790276947431,0.499384806406684,0.396417159987614,0.200031905745156,0.77818277649954,0.750542496502399
0.221596608761698,0.500675217743963,0.964282581361011,0.368201411880553,0.64973833605554,0.570791962600313,0.27294520383887,0.811638192746788
0.602961703860201,0.323830821305513,0.68799933571741,0.228961105937138,0.884659004339948,0.667413958854973,0.518023405477405,0.374130848388188
0.536656450758688,0.228102887970395,0.649174495424144,0.612934395131655,0.735640859155916,0.277677727087401,0.432280134039931,0.970725151735358
0.185400476427749,0.414426898152567,0.708792597527616,0.714934950513765,0.521441397387534,0.144832008706406,0.604977927713655,0.797240373110399
0.625639319416136,0.178248230916448,0.930015769021586,0.114137076833285,0.129388416959904,0.0578798161977902,0.317994014771655,0.535587049256079
0.464742226228118,0.981375287023373,0.430613549821079,0.410999009534717,0.671576477575116,0.31222838795092,0.111108008532785,0.260702056279406
0.586401537330821,0.834590631905012,0.638836042445153,0.680280769152567,0.86449925915245,0.495238214172423,0.93271405074466,0.208173341902904
0.835723180362023,0.659689983587712,0.00262012191675603,0.596740197984502,0.967987518834881,0.580769840577617,0.786459568521939,0.644864094930701
